brand_group,suggested_client,domain,account,provider,state,expires,renews_within_2_months,mailboxes,auto_renew,in_infra_tracker,past_client? (Y/N)
"(one-off names, no brand)","CONFIRM: Precise Leads' own, or past client?",debutix.co,PRECISE_LEADS,GOOGLE,active,2027-06-27,,0,False,,
"(one-off names, no brand)","CONFIRM: Precise Leads' own, or past client?",gettaxexpert.com,PRECISE_LEADS,GOOGLE,lapsed,2026-01-21,,0,False,,
"(one-off names, no brand)","CONFIRM: Precise Leads' own, or past client?",gohivecloud.co,PRECISE_LEADS,MICROSOFT,active,2027-05-19,,3,False,,
"(one-off names, no brand)","CONFIRM: Precise Leads' own, or past client?",growfunnelify.co,PRECISE_LEADS,GOOGLE,lapsed,2026-06-27,,0,False,,
"(one-off names, no brand)","CONFIRM: Precise Leads' own, or past client?",harborsignalflow.co,PRECISE_LEADS,GOOGLE,active,2027-08-11,,3,False,,
"(one-off names, no brand)","CONFIRM: Precise Leads' own, or past client?",meettargetnexus.co,PRECISE_LEADS,GOOGLE,lapsed,2026-06-27,,0,False,,
"(one-off names, no brand)","CONFIRM: Precise Leads' own, or past client?",mymetriccloud.co,PRECISE_LEADS,MICROSOFT,active,2027-05-19,,3,False,,
"(one-off names, no brand)","CONFIRM: Precise Leads' own, or past client?",myscalegrid.co,PRECISE_LEADS,MICROSOFT,active,2027-05-19,,3,False,,
"(one-off names, no brand)","CONFIRM: Precise Leads' own, or past client?",nowtargetly.co,PRECISE_LEADS,GOOGLE,lapsed,2026-06-27,,0,False,,
"(one-off names, no brand)","CONFIRM: Precise Leads' own, or past client?",pipelinehqtech.co,PRECISE_LEADS,GOOGLE,lapsed,2026-06-27,,0,False,,
"(one-off names, no brand)","CONFIRM: Precise Leads' own, or past client?",progroupe.co,PRECISE_LEADS,GOOGLE,active,2027-06-27,,0,False,,
"(one-off names, no brand)","CONFIRM: Precise Leads' own, or past client?",projstart.co,PRECISE_LEADS,GOOGLE,active,2027-06-27,,0,False,,
"(one-off names, no brand)","CONFIRM: Precise Leads' own, or past client?",qualibase.co,PRECISE_LEADS,GOOGLE,active,2027-06-27,,0,False,,
"(one-off names, no brand)","CONFIRM: Precise Leads' own, or past client?",rapidscalebase.co,PRECISE_LEADS,GOOGLE,active,2027-08-11,,3,False,,
"(one-off names, no brand)","CONFIRM: Precise Leads' own, or past client?",revflowy.co,PRECISE_LEADS,GOOGLE,active,2027-06-27,,0,False,,
"(one-off names, no brand)","CONFIRM: Precise Leads' own, or past client?",revopsolv.co,PRECISE_LEADS,GOOGLE,active,2027-06-27,,0,False,,
"(one-off names, no brand)","CONFIRM: Precise Leads' own, or past client?",runcommerceguild.co,PRECISE_LEADS,GOOGLE,active,2027-08-11,,3,False,,
"(one-off names, no brand)","CONFIRM: Precise Leads' own, or past client?",runengagepoint.co,PRECISE_LEADS,GOOGLE,lapsed,2026-06-27,,0,False,,
"(one-off names, no brand)","CONFIRM: Precise Leads' own, or past client?",sharpgtmengine.co,PRECISE_LEADS,GOOGLE,active,2027-08-11,,3,False,,
"(one-off names, no brand)","CONFIRM: Precise Leads' own, or past client?",silverlinesignalco.co,PRECISE_LEADS,GOOGLE,active,2027-08-11,,3,False,,
"(one-off names, no brand)","CONFIRM: Precise Leads' own, or past client?",surgepointapp.co,PRECISE_LEADS,GOOGLE,lapsed,2026-06-27,,0,False,,
"(one-off names, no brand)","CONFIRM: Precise Leads' own, or past client?",taxprofessionalslive.com,PRECISE_LEADS,GOOGLE,lapsed,2026-01-21,,0,False,,
"(one-off names, no brand)","CONFIRM: Precise Leads' own, or past client?",theengagepoint.co,PRECISE_LEADS,GOOGLE,lapsed,2026-06-27,,0,False,,
"(one-off names, no brand)","CONFIRM: Precise Leads' own, or past client?",theprospectstream.co,PRECISE_LEADS,GOOGLE,lapsed,2026-06-27,,0,False,,
"(one-off names, no brand)","CONFIRM: Precise Leads' own, or past client?",topgtmboss.co,PRECISE_LEADS,GOOGLE,lapsed,2026-06-27,,0,False,,
"(one-off names, no brand)","CONFIRM: Precise Leads' own, or past client?",useatlasstack.co,PRECISE_LEADS,MICROSOFT,active,2027-05-19,,3,False,,
"(one-off names, no brand)","CONFIRM: Precise Leads' own, or past client?",userflowinc.co,PRECISE_LEADS,GOOGLE,lapsed,2026-06-27,,0,False,,
darlean,PAST CLIENT,connectdarlean.com,PRECISE_LEADS,GOOGLE,lapsed,2026-01-09,,0,False,,
darlean,PAST CLIENT,contactdarlean.com,PRECISE_LEADS,GOOGLE,lapsed,2026-02-18,,0,False,,
darlean,PAST CLIENT,darleanerp.com,PRECISE_LEADS,GOOGLE,lapsed,2026-02-18,,0,False,,
darlean,PAST CLIENT,darleanglobal.com,PRECISE_LEADS,GOOGLE,lapsed,2026-02-18,,0,False,,
darlean,PAST CLIENT,darleanhq.com,PRECISE_LEADS,GOOGLE,lapsed,2026-02-18,,0,False,,
darlean,PAST CLIENT,darleanhub.com,PRECISE_LEADS,GOOGLE,lapsed,2026-02-18,,0,False,,
darlean,PAST CLIENT,darleannow.com,PRECISE_LEADS,GOOGLE,lapsed,2026-04-29,,0,False,,
darlean,PAST CLIENT,darleanonline.com,PRECISE_LEADS,GOOGLE,lapsed,2026-04-29,,0,False,,
darlean,PAST CLIENT,darleantech.com,PRECISE_LEADS,GOOGLE,lapsed,2025-11-21,,0,False,,
darlean,PAST CLIENT,darleanweb.com,PRECISE_LEADS,GOOGLE,lapsed,2026-04-29,,0,False,,
darlean,PAST CLIENT,darleanworld.com,PRECISE_LEADS,GOOGLE,lapsed,2026-02-18,,0,False,,
darlean,PAST CLIENT,darleanzone.com,PRECISE_LEADS,GOOGLE,lapsed,2026-02-18,,0,False,,
darlean,PAST CLIENT,discoverdarlean.com,PRECISE_LEADS,GOOGLE,lapsed,2025-11-21,,0,False,,
darlean,PAST CLIENT,exploredarlean.com,PRECISE_LEADS,GOOGLE,lapsed,2025-11-21,,0,False,,
darlean,PAST CLIENT,getdarlean.com,PRECISE_LEADS,GOOGLE,lapsed,2026-01-09,,0,False,,
darlean,PAST CLIENT,getdarleann.com,PRECISE_LEADS,GOOGLE,lapsed,2026-04-29,,0,False,,
darlean,PAST CLIENT,growwithdarlean.com,PRECISE_LEADS,GOOGLE,lapsed,2025-11-21,,0,False,,
darlean,PAST CLIENT,joindarlean.com,PRECISE_LEADS,GOOGLE,lapsed,2026-01-09,,0,False,,
darlean,PAST CLIENT,justdarlean.com,PRECISE_LEADS,GOOGLE,lapsed,2026-02-18,,0,False,,
darlean,PAST CLIENT,onedarlean.com,PRECISE_LEADS,GOOGLE,lapsed,2026-04-29,,0,False,,
darlean,PAST CLIENT,onlydarlean.com,PRECISE_LEADS,GOOGLE,lapsed,2026-02-18,,0,False,,
darlean,PAST CLIENT,reachdarlean.com,PRECISE_LEADS,GOOGLE,lapsed,2026-06-25,,0,False,,
darlean,PAST CLIENT,startdarlean.com,PRECISE_LEADS,GOOGLE,lapsed,2026-06-25,,0,False,,
darlean,PAST CLIENT,teamdarlean.com,PRECISE_LEADS,GOOGLE,lapsed,2026-02-18,,0,False,,
darlean,PAST CLIENT,trydarlean.com,PRECISE_LEADS,GOOGLE,lapsed,2025-11-21,,0,False,,
belardiwong,CURRENT: Belardi Wong,belardiwongbase.com,Belardi Wong,GOOGLE,active,2027-02-11,,0,False,yes,
belardiwong,CURRENT: Belardi Wong,belardiwongconnect.com,Belardi Wong,GOOGLE,active,2026-12-15,,3,False,yes,
belardiwong,CURRENT: Belardi Wong,belardiwongdm.com,Belardi Wong,GOOGLE,active,2026-12-15,,3,False,yes,
belardiwong,CURRENT: Belardi Wong,belardiwonghq.com,Belardi Wong,GOOGLE,active,2027-02-11,,0,False,yes,
belardiwong,CURRENT: Belardi Wong,belardiwonghub.com,Belardi Wong,GOOGLE,active,2027-02-11,,0,False,yes,
belardiwong,CURRENT: Belardi Wong,belardiwongs.com,Belardi Wong,GOOGLE,active,2027-04-24,,0,False,yes,
belardiwong,CURRENT: Belardi Wong,belardiwongzone.com,Belardi Wong,GOOGLE,active,2027-02-11,,3,False,yes,
belardiwong,CURRENT: Belardi Wong,findbelardiwong.com,Belardi Wong,GOOGLE,active,2027-04-24,,3,False,yes,
belardiwong,CURRENT: Belardi Wong,getbelardiwong.com,Belardi Wong,GOOGLE,active,2027-02-11,,3,False,yes,
belardiwong,CURRENT: Belardi Wong,gobelardiwong.com,Belardi Wong,GOOGLE,active,2026-12-15,,3,False,yes,
belardiwong,CURRENT: Belardi Wong,heybelardiwong.com,Belardi Wong,GOOGLE,active,2027-04-24,,3,False,yes,
belardiwong,CURRENT: Belardi Wong,joinbelardiwong.com,Belardi Wong,GOOGLE,active,2027-02-11,,0,False,yes,
belardiwong,CURRENT: Belardi Wong,justbelardiwong.com,Belardi Wong,GOOGLE,active,2027-04-24,,3,False,yes,
belardiwong,CURRENT: Belardi Wong,mailbelardiwong.com,Belardi Wong,GOOGLE,active,2026-12-15,,3,False,yes,
belardiwong,CURRENT: Belardi Wong,meetbelardiwong.com,Belardi Wong,MICROSOFT,active,2026-12-15,,3,False,yes,
belardiwong,CURRENT: Belardi Wong,mybelardiwong.com,Belardi Wong,GOOGLE,active,2027-04-24,,3,False,yes,
belardiwong,CURRENT: Belardi Wong,newbelardiwong.com,Belardi Wong,MICROSOFT,active,2027-04-24,,3,False,yes,
belardiwong,CURRENT: Belardi Wong,reachbelardiwong.com,Belardi Wong,GOOGLE,active,2027-02-11,,3,False,yes,
belardiwong,CURRENT: Belardi Wong,realbelardiwong.com,Belardi Wong,GOOGLE,active,2027-04-24,,3,False,yes,
belardiwong,CURRENT: Belardi Wong,swiftbybelardiwong.com,Belardi Wong,MICROSOFT,active,2026-12-15,,3,False,yes,
belardiwong,CURRENT: Belardi Wong,teambelardiwong.com,Belardi Wong,GOOGLE,active,2026-12-15,,3,False,yes,
belardiwong,CURRENT: Belardi Wong,topbelardiwong.com,Belardi Wong,GOOGLE,active,2027-04-24,,3,False,yes,
belardiwong,CURRENT: Belardi Wong,trybelardiwong.com,Belardi Wong,GOOGLE,active,2026-12-15,,3,False,yes,
belardiwong,CURRENT: Belardi Wong,usebelardiwong.com,Belardi Wong,GOOGLE,active,2027-02-11,,0,False,yes,
melior,CURRENT: Melior,discovermelior.com,PRECISE_LEADS,MICROSOFT,lapsed,2026-07-29,,0,False,,
melior,CURRENT: Melior,getmeliorai.com,PRECISE_LEADS,GOOGLE,lapsed,2026-07-29,,0,False,,
melior,CURRENT: Melior,gomelior.com,PRECISE_LEADS,GOOGLE,active,2026-10-29,yes,0,False,,
melior,CURRENT: Melior,gowithmelior.com,PRECISE_LEADS,GOOGLE,lapsed,2026-07-03,,0,False,,
melior,CURRENT: Melior,hellomeliorai.com,PRECISE_LEADS,GOOGLE,lapsed,2026-07-29,,0,False,,
melior,CURRENT: Melior,joinmelior.com,PRECISE_LEADS,GOOGLE,active,2027-02-25,,0,False,,
melior,CURRENT: Melior,launchmelior.com,PRECISE_LEADS,GOOGLE,active,2026-10-29,yes,0,False,,
melior,CURRENT: Melior,leadmelior.com,PRECISE_LEADS,GOOGLE,active,2027-02-25,,0,False,,
melior,CURRENT: Melior,mailmelior.com,PRECISE_LEADS,MICROSOFT,active,2027-05-21,,0,False,,
melior,CURRENT: Melior,melioraitech.com,PRECISE_LEADS,GOOGLE,lapsed,2026-07-29,,0,False,,
melior,CURRENT: Melior,melioraiworks.com,PRECISE_LEADS,GOOGLE,lapsed,2026-07-29,,0,False,,
melior,CURRENT: Melior,meliorautomation.com,PRECISE_LEADS,GOOGLE,lapsed,2026-07-29,,0,False,,
melior,CURRENT: Melior,meliorbusinessai.com,PRECISE_LEADS,GOOGLE,lapsed,2026-07-29,,0,False,,
melior,CURRENT: Melior,meliorcrew.com,PRECISE_LEADS,GOOGLE,active,2026-10-29,yes,0,False,,
melior,CURRENT: Melior,meliordigital.com,PRECISE_LEADS,GOOGLE,lapsed,2026-07-29,,0,False,,
melior,CURRENT: Melior,meliorsolutionsai.com,PRECISE_LEADS,GOOGLE,lapsed,2026-07-29,,0,False,,
melior,CURRENT: Melior,meliortaskforce.com,PRECISE_LEADS,GOOGLE,lapsed,2026-07-29,,0,False,,
melior,CURRENT: Melior,onemelior.com,PRECISE_LEADS,MICROSOFT,active,2027-05-21,,0,False,,
melior,CURRENT: Melior,onlymelior.com,PRECISE_LEADS,GOOGLE,active,2026-10-29,yes,0,False,,
melior,CURRENT: Melior,runmelior.com,PRECISE_LEADS,MICROSOFT,active,2027-05-21,,0,False,,
melior,CURRENT: Melior,smartmelior.com,PRECISE_LEADS,GOOGLE,lapsed,2026-07-03,,0,False,,
melior,CURRENT: Melior,startmelior.com,PRECISE_LEADS,GOOGLE,active,2026-10-29,yes,0,False,,
melior,CURRENT: Melior,trustmelior.com,PRECISE_LEADS,GOOGLE,lapsed,2026-07-03,,0,False,,
voc,PAST CLIENT,discovervoc.com,PRECISE_LEADS,GOOGLE,lapsed,2026-07-25,,0,False,,
voc,PAST CLIENT,getvoc.com,PRECISE_LEADS,GOOGLE,lapsed,2026-07-25,,0,False,,
voc,PAST CLIENT,growwithvoc.com,PRECISE_LEADS,GOOGLE,lapsed,2026-07-25,,0,False,,
voc,PAST CLIENT,hellovoc.com,PRECISE_LEADS,GOOGLE,lapsed,2026-07-25,,0,False,,
voc,PAST CLIENT,onlyvoc.com,PRECISE_LEADS,GOOGLE,lapsed,2026-07-25,,0,False,,
voc,PAST CLIENT,scalewithvoc.com,PRECISE_LEADS,GOOGLE,lapsed,2026-07-25,,0,False,,
voc,PAST CLIENT,simplyvoc.com,PRECISE_LEADS,GOOGLE,lapsed,2026-07-25,,0,False,,
voc,PAST CLIENT,trustvoc.com,PRECISE_LEADS,GOOGLE,lapsed,2026-07-25,,0,False,,
voc,PAST CLIENT,tryvoc.com,PRECISE_LEADS,GOOGLE,lapsed,2026-07-25,,0,False,,
voc,PAST CLIENT,usevoc.com,PRECISE_LEADS,GOOGLE,lapsed,2026-07-25,,0,False,,
voc,PAST CLIENT,vocbridge.com,PRECISE_LEADS,GOOGLE,lapsed,2026-08-15,,0,False,,
voc,PAST CLIENT,vocfirst.com,PRECISE_LEADS,GOOGLE,lapsed,2026-07-25,,0,False,,
voc,PAST CLIENT,vocgenius.com,PRECISE_LEADS,GOOGLE,lapsed,2026-08-15,,0,False,,
voc,PAST CLIENT,vochq.com,PRECISE_LEADS,GOOGLE,lapsed,2026-07-25,,0,False,,
voc,PAST CLIENT,vocimpact.com,PRECISE_LEADS,GOOGLE,lapsed,2026-08-15,,0,False,,
voc,PAST CLIENT,vocloop.com,PRECISE_LEADS,GOOGLE,lapsed,2026-08-15,,0,False,,
voc,PAST CLIENT,vocpilot.com,PRECISE_LEADS,GOOGLE,lapsed,2026-07-25,,0,False,,
voc,PAST CLIENT,vocrise.com,PRECISE_LEADS,GOOGLE,lapsed,2026-08-15,,0,False,,
voc,PAST CLIENT,vocscaler.com,PRECISE_LEADS,GOOGLE,lapsed,2026-07-25,,0,False,,
voc,PAST CLIENT,vocshift.com,PRECISE_LEADS,GOOGLE,lapsed,2026-07-25,,0,False,,
kombi,PAST CLIENT,choosekombinator.com,PRECISE_LEADS,GOOGLE,active,2026-12-02,,0,False,,
kombi,PAST CLIENT,getkombinatorcapital.com,PRECISE_LEADS,GOOGLE,lapsed,2026-07-29,,0,False,,
kombi,PAST CLIENT,gokombicapital.com,PRECISE_LEADS,GOOGLE,active,2026-12-16,,0,False,,
kombi,PAST CLIENT,growwithkombicapital.com,PRECISE_LEADS,MICROSOFT,lapsed,2026-07-29,,0,False,,
kombi,PAST CLIENT,joinkombicapital.com,PRECISE_LEADS,GOOGLE,active,2026-12-16,,0,False,,
kombi,PAST CLIENT,kombicap.com,PRECISE_LEADS,GOOGLE,lapsed,2026-07-29,,0,False,,
kombi,PAST CLIENT,kombinatorcap.com,PRECISE_LEADS,GOOGLE,lapsed,2026-07-29,,0,False,,
kombi,PAST CLIENT,kombinatorcapitalbusiness.com,PRECISE_LEADS,MICROSOFT,lapsed,2026-07-29,,0,False,,
kombi,PAST CLIENT,kombinatorcapitalgroup.com,PRECISE_LEADS,GOOGLE,active,2026-12-02,,0,False,,
kombi,PAST CLIENT,kombinatorcapitalinvest.com,PRECISE_LEADS,GOOGLE,active,2026-10-20,yes,0,False,,
kombi,PAST CLIENT,kombinatorcapitalpartners.com,PRECISE_LEADS,GOOGLE,active,2026-10-20,yes,0,False,,
kombi,PAST CLIENT,kombinatorcapitalventures.com,PRECISE_LEADS,GOOGLE,active,2026-10-20,yes,0,False,,
kombi,PAST CLIENT,kombinatorfunds.com,PRECISE_LEADS,GOOGLE,active,2026-10-20,yes,0,False,,
kombi,PAST CLIENT,kombinatorgroup.com,PRECISE_LEADS,GOOGLE,active,2026-12-02,,0,False,,
kombi,PAST CLIENT,teamkombinator.com,PRECISE_LEADS,GOOGLE,active,2026-10-20,yes,0,False,,
kombi,PAST CLIENT,trykombicapital.com,PRECISE_LEADS,GOOGLE,active,2026-12-16,,0,False,,
bettrdata,CURRENT: BettrData,askbettrdata.com,PRECISE_LEADS,MICROSOFT,active,2027-07-29,,3,False,yes,
bettrdata,CURRENT: BettrData,bestbettrdata.com,PRECISE_LEADS,MICROSOFT,active,2027-06-09,,3,False,yes,
bettrdata,CURRENT: BettrData,bettrdataco.com,PRECISE_LEADS,MICROSOFT,active,2027-07-29,,3,False,yes,
bettrdata,CURRENT: BettrData,bettrdatas.com,PRECISE_LEADS,MICROSOFT,active,2027-07-29,,3,False,yes,
bettrdata,CURRENT: BettrData,bettrdatasdesign.com,PRECISE_LEADS,GOOGLE,active,2027-08-18,,3,False,yes,
bettrdata,CURRENT: BettrData,bettrdatasgroup.com,PRECISE_LEADS,GOOGLE,active,2027-08-18,,3,False,yes,
bettrdata,CURRENT: BettrData,bettrdatastech.com,PRECISE_LEADS,GOOGLE,active,2027-08-18,,3,False,yes,
bettrdata,CURRENT: BettrData,debettrdatas.com,PRECISE_LEADS,GOOGLE,active,2027-08-18,,3,False,yes,
bettrdata,CURRENT: BettrData,heybettrdata.com,PRECISE_LEADS,GOOGLE,active,2027-06-09,,3,False,yes,
bettrdata,CURRENT: BettrData,joinbettrdata.com,PRECISE_LEADS,GOOGLE,active,2027-07-29,,3,False,yes,
bettrdata,CURRENT: BettrData,onebettrdata.com,PRECISE_LEADS,GOOGLE,active,2027-06-09,,3,False,yes,
bettrdata,CURRENT: BettrData,openbettrdata.com,PRECISE_LEADS,MICROSOFT,active,2027-06-09,,3,False,yes,
bettrdata,CURRENT: BettrData,thebettrdatas.com,PRECISE_LEADS,GOOGLE,active,2027-08-18,,3,False,yes,
b2bworldsummit,PAST CLIENT,attendb2bworldsummit.com,PRECISE_LEADS,GOOGLE,lapsed,2026-02-10,,0,False,,
b2bworldsummit,PAST CLIENT,b2bworldsummitcrew.com,PRECISE_LEADS,GOOGLE,lapsed,2026-02-10,,0,False,,
b2bworldsummit,PAST CLIENT,b2bworldsummithq.com,PRECISE_LEADS,GOOGLE,lapsed,2026-02-10,,0,False,,
b2bworldsummit,PAST CLIENT,b2bworldsummithub.com,PRECISE_LEADS,GOOGLE,lapsed,2026-02-10,,0,False,,
b2bworldsummit,PAST CLIENT,b2bworldsummitmarketing.com,PRECISE_LEADS,GOOGLE,lapsed,2026-02-10,,0,False,,
b2bworldsummit,PAST CLIENT,b2bworldsummitpro.com,PRECISE_LEADS,GOOGLE,lapsed,2026-02-10,,0,False,,
b2bworldsummit,PAST CLIENT,b2bworldsummitteam.com,PRECISE_LEADS,GOOGLE,lapsed,2026-02-10,,0,False,,
b2bworldsummit,PAST CLIENT,exploreb2bworldsummit.com,PRECISE_LEADS,GOOGLE,lapsed,2026-02-10,,0,False,,
b2bworldsummit,PAST CLIENT,joinb2bworldsummit.com,PRECISE_LEADS,GOOGLE,lapsed,2026-02-10,,0,False,,
b2bworldsummit,PAST CLIENT,marketingb2bworldsummit.com,PRECISE_LEADS,GOOGLE,lapsed,2026-02-10,,0,False,,
b2bworldsummit,PAST CLIENT,theb2bworldsummit.com,PRECISE_LEADS,GOOGLE,lapsed,2026-02-10,,0,False,,
b2bworldsummit,PAST CLIENT,topb2bworldsummit.com,PRECISE_LEADS,GOOGLE,lapsed,2026-02-10,,0,False,,
creflo,PAST CLIENT,creflohq.com,PRECISE_LEADS,MICROSOFT,active,2026-10-29,yes,0,False,yes,
creflo,PAST CLIENT,explorecreflo.com,PRECISE_LEADS,MICROSOFT,active,2026-10-29,yes,0,False,yes,
creflo,PAST CLIENT,getcreflo.com,PRECISE_LEADS,GOOGLE,active,2026-10-28,yes,0,False,yes,
creflo,PAST CLIENT,gocreflo.com,PRECISE_LEADS,GOOGLE,active,2026-10-28,yes,0,False,yes,
creflo,PAST CLIENT,joincreflo.com,PRECISE_LEADS,GOOGLE,active,2026-10-28,yes,0,False,yes,
creflo,PAST CLIENT,meetcreflo.com,PRECISE_LEADS,GOOGLE,active,2026-10-28,yes,0,False,yes,
creflo,PAST CLIENT,startcreflo.com,PRECISE_LEADS,GOOGLE,active,2026-10-28,yes,0,False,yes,
creflo,PAST CLIENT,trycreflo.com,PRECISE_LEADS,GOOGLE,active,2026-10-28,yes,0,False,yes,
creflo,PAST CLIENT,usecreflo.com,PRECISE_LEADS,GOOGLE,active,2026-10-28,yes,0,False,yes,
creflo,PAST CLIENT,withcreflo.com,PRECISE_LEADS,GOOGLE,active,2026-10-28,yes,0,False,yes,
monarch,PAST CLIENT,connectmonarch.com,PRECISE_LEADS,GOOGLE,lapsed,2026-01-22,,0,False,,
monarch,PAST CLIENT,engagemonarch.com,PRECISE_LEADS,GOOGLE,lapsed,2026-04-07,,0,False,,
monarch,PAST CLIENT,gomonarchgroup.com,PRECISE_LEADS,GOOGLE,lapsed,2026-01-22,,0,False,,
monarch,PAST CLIENT,gomonarchteam.com,PRECISE_LEADS,GOOGLE,lapsed,2026-01-22,,0,False,,
monarch,PAST CLIENT,growwithmonarch.com,PRECISE_LEADS,GOOGLE,lapsed,2026-04-07,,0,False,,
monarch,PAST CLIENT,monarchcrew.com,PRECISE_LEADS,GOOGLE,lapsed,2026-01-22,,0,False,,
monarch,PAST CLIENT,monarchzone.com,PRECISE_LEADS,GOOGLE,lapsed,2026-04-07,,0,False,,
monarch,PAST CLIENT,startmonarch.com,PRECISE_LEADS,GOOGLE,lapsed,2026-04-07,,0,False,,
monarch,PAST CLIENT,testmonarch.com,PRECISE_LEADS,GOOGLE,lapsed,2026-04-07,,0,False,,
monarch,PAST CLIENT,workwithmonarch.com,PRECISE_LEADS,GOOGLE,lapsed,2026-01-22,,0,False,,
osc,PAST CLIENT,beginosc.com,PRECISE_LEADS,MICROSOFT,active,2026-12-05,,0,False,yes,
osc,PAST CLIENT,connectosc.com,PRECISE_LEADS,GOOGLE,active,2026-12-05,,0,False,yes,
osc,PAST CLIENT,discoverosc.com,PRECISE_LEADS,GOOGLE,active,2026-12-05,,0,False,yes,
osc,PAST CLIENT,exploreosc.com,PRECISE_LEADS,MICROSOFT,active,2026-12-05,,0,False,yes,
osc,PAST CLIENT,growwithosc.com,PRECISE_LEADS,MICROSOFT,active,2026-12-05,,0,False,yes,
osc,PAST CLIENT,onlyosc.com,PRECISE_LEADS,GOOGLE,active,2026-12-05,,0,False,yes,
osc,PAST CLIENT,reachosc.com,PRECISE_LEADS,GOOGLE,active,2026-12-05,,0,False,yes,
osc,PAST CLIENT,tryosc.com,PRECISE_LEADS,GOOGLE,active,2026-12-05,,0,False,yes,
atlasia,PAST CLIENT,atlasiago.com,PRECISE_LEADS,GOOGLE,lapsed,2026-06-23,,0,False,,
atlasia,PAST CLIENT,atlasiahq.com,PRECISE_LEADS,GOOGLE,lapsed,2026-06-23,,0,False,,
atlasia,PAST CLIENT,teamatlasiaglobal.com,PRECISE_LEADS,GOOGLE,lapsed,2026-06-23,,0,False,,
atlasia,PAST CLIENT,theatlasia.com,PRECISE_LEADS,GOOGLE,lapsed,2026-06-23,,0,False,,
atlasia,PAST CLIENT,tryatlasiaglobal.com,PRECISE_LEADS,GOOGLE,lapsed,2026-06-23,,0,False,,
avench,PAST CLIENT,avenchgroup.com,PRECISE_LEADS,GOOGLE,lapsed,2026-08-01,,0,False,,
avench,PAST CLIENT,avenchsolutions.com,PRECISE_LEADS,GOOGLE,lapsed,2026-08-01,,0,False,,
avench,PAST CLIENT,avenchsystem.com,PRECISE_LEADS,GOOGLE,lapsed,2026-08-01,,0,False,,
avench,PAST CLIENT,avenchtechnologies.com,PRECISE_LEADS,GOOGLE,lapsed,2026-08-01,,0,False,,
avench,PAST CLIENT,getavench.com,PRECISE_LEADS,GOOGLE,lapsed,2026-08-01,,0,False,,
motionerp,PAST CLIENT,motionerpapp.com,PRECISE_LEADS,GOOGLE,active,2026-11-03,yes,3,False,yes,
motionerp,PAST CLIENT,motionerpsuite.com,PRECISE_LEADS,GOOGLE,active,2026-11-03,yes,3,False,yes,
motionerp,PAST CLIENT,motionerpsystem.com,PRECISE_LEADS,GOOGLE,active,2026-11-03,yes,3,False,yes,
motionerp,PAST CLIENT,motionerptech.com,PRECISE_LEADS,GOOGLE,active,2026-11-03,yes,3,False,yes,
motionerp,PAST CLIENT,trymotionerp.com,PRECISE_LEADS,GOOGLE,active,2026-11-03,yes,3,False,yes,
opsc,PAST CLIENT,connectopsc.com,PRECISE_LEADS,GOOGLE,lapsed,2026-09-17,,0,False,yes,
opsc,PAST CLIENT,contactopsc.com,PRECISE_LEADS,GOOGLE,lapsed,2026-09-17,,0,False,yes,
opsc,PAST CLIENT,onlyopsc.com,PRECISE_LEADS,GOOGLE,lapsed,2026-09-17,,0,False,yes,
opsc,PAST CLIENT,opscteam.com,PRECISE_LEADS,GOOGLE,lapsed,2026-09-17,,0,False,yes,
opsc,PAST CLIENT,reachopsc.com,PRECISE_LEADS,GOOGLE,lapsed,2026-09-17,,0,False,yes,
seel,PAST CLIENT,contactseel.com,PRECISE_LEADS,GOOGLE,lapsed,2026-06-18,,0,False,,
seel,PAST CLIENT,reachseel.com,PRECISE_LEADS,GOOGLE,lapsed,2026-06-18,,0,False,,
seel,PAST CLIENT,seelhub.com,PRECISE_LEADS,GOOGLE,lapsed,2026-06-18,,0,False,,
seel,PAST CLIENT,teamseel.com,PRECISE_LEADS,GOOGLE,lapsed,2026-06-18,,0,False,,
seel,PAST CLIENT,useseel.com,PRECISE_LEADS,GOOGLE,lapsed,2026-06-18,,0,False,,
bw,CURRENT: Belardi Wong,bwdirectmail.com,Belardi Wong,MICROSOFT,active,2026-12-15,,3,False,yes,
bw,CURRENT: Belardi Wong,reachbw.com,Belardi Wong,MICROSOFT,active,2027-04-24,,3,False,yes,
bw,CURRENT: Belardi Wong,sendbw.com,Belardi Wong,MICROSOFT,active,2027-04-24,,3,False,yes,
bw,CURRENT: Belardi Wong,swiftbybw.com,Belardi Wong,GOOGLE,active,2026-12-15,,3,False,yes,
aradius,PAST CLIENT,aradiusgroupsolutions.com,PRECISE_LEADS,GOOGLE,lapsed,2026-01-03,,0,False,,
aradius,PAST CLIENT,contactaradiusgroup.com,PRECISE_LEADS,GOOGLE,lapsed,2026-01-03,,0,False,,
aradius,PAST CLIENT,explorearadiusgroup.com,PRECISE_LEADS,GOOGLE,lapsed,2026-01-03,,0,False,,
brandchamp,PAST CLIENT,reachbrandchamp.com,PRECISE_LEADS,GOOGLE,inactive,,,0,False,,
brandchamp,PAST CLIENT,usebrandchamp.com,PRECISE_LEADS,GOOGLE,inactive,,,0,False,,
brandchamp,PAST CLIENT,yourbrandchamp.com,PRECISE_LEADS,GOOGLE,inactive,,,0,False,,
outreachgrid,PAST CLIENT,gooutreachgrid.co,PRECISE_LEADS,GOOGLE,lapsed,2026-06-27,,0,False,,
outreachgrid,PAST CLIENT,nowoutreachgrid.co,PRECISE_LEADS,GOOGLE,lapsed,2026-06-27,,0,False,,
outreachgrid,PAST CLIENT,outreachgridmail.co,PRECISE_LEADS,GOOGLE,lapsed,2026-06-27,,0,False,,
staff,PAST CLIENT,staffaiagents.com,PRECISE_LEADS,GOOGLE,active,2026-11-14,yes,3,False,yes,
staff,PAST CLIENT,staffaihq.com,PRECISE_LEADS,GOOGLE,active,2026-11-14,yes,3,False,yes,
staff,PAST CLIENT,usestaffai.com,PRECISE_LEADS,GOOGLE,active,2026-11-14,yes,3,False,yes,
taxease,PAST CLIENT,taxeaseexperts.com,PRECISE_LEADS,GOOGLE,lapsed,2026-01-21,,0,False,,
taxease,PAST CLIENT,taxeasepros.com,PRECISE_LEADS,GOOGLE,lapsed,2026-01-21,,0,False,,
taxease,PAST CLIENT,taxeaseprosusa.com,PRECISE_LEADS,GOOGLE,lapsed,2026-01-21,,0,False,,
opsly,PAST CLIENT,opslyai.co,PRECISE_LEADS,GOOGLE,inactive,,,0,False,,
opsly,PAST CLIENT,opslyai.com,PRECISE_LEADS,GOOGLE,inactive,2027-01-06,,0,False,,
prospectify,PAST CLIENT,meetprospectify.co,PRECISE_LEADS,GOOGLE,lapsed,2026-06-27,,0,False,,
prospectify,PAST CLIENT,theprospectify.co,PRECISE_LEADS,GOOGLE,lapsed,2026-06-27,,0,False,,
talind,PAST CLIENT,gotalind.com,PRECISE_LEADS,GOOGLE,lapsed,2025-10-02,,0,False,,
talind,PAST CLIENT,trytalind.com,PRECISE_LEADS,GOOGLE,lapsed,2025-10-02,,0,False,,
dataingest,CURRENT: BettrData,dataingesthq.com,PRECISE_LEADS,GOOGLE,active,2027-08-22,,3,False,yes,
ingestresolve,CURRENT: BettrData,ingestresolve.com,PRECISE_LEADS,GOOGLE,active,2027-08-22,,3,False,yes,
preciselead,CURRENT: Precise Leads,preciselead.in,PRECISE_LEADS,GOOGLE,inactive,,,0,False,,
